,Oil,EQNR,DNB,NHY,NOKUSD
Oil,1.0,0.459246876729524,0.1891957774726399,0.23422626158355705,0.0016153187678562156
EQNR,0.459246876729524,1.0,0.3565915389451246,0.40197101242379113,0.05840222421963753
DNB,0.1891957774726399,0.3565915389451246,1.0,0.37726057701386717,0.06894955777689817
NHY,0.23422626158355705,0.40197101242379113,0.37726057701386717,1.0,0.02535794716528005
NOKUSD,0.0016153187678562156,0.05840222421963753,0.06894955777689817,0.02535794716528005,1.0
