,Oil,EQNR,DNB,NHY,NOKUSD
Oil,1.0,0.45924598816493656,0.1891947428831741,0.2342291246949247,0.0016148460400707426
EQNR,0.45924598816493656,1.0,0.3565915336375802,0.401970853135205,0.0584019490979812
DNB,0.1891947428831741,0.3565915336375802,1.0,0.3772604415261985,0.06894960353159474
NHY,0.2342291246949247,0.401970853135205,0.3772604415261985,1.0,0.025357479811746957
NOKUSD,0.0016148460400707426,0.0584019490979812,0.06894960353159474,0.025357479811746957,1.0
