,mean,median,min,max,std,annualized_std
Oil,0.0005685505994978372,0.000963626950080898,-0.2440359736250306,0.21018596649341958,0.02456803625027286,0.39000548471665086
EQNR,0.0007628409016942573,0.0,-0.17715545910496255,0.11030648051571479,0.01888061949916933,0.2997205427618336
DNB,0.000712532591126704,0.0004640633556113327,-0.1257591217455194,0.09915108990618693,0.014973343538254092,0.2376944597841377
NHY,0.0009049598061784305,0.0,-0.12063500551882966,0.14175354579378285,0.021342896567338215,0.3388079794497062
NOKUSD,4.649230377815355e-05,8.242278797121472e-05,-0.34222913992993254,0.3934938690806995,0.013224336718254737,0.20992983726169245
